ad_archive_id,page_id,page_name,ad_creation_time,ad_delivery_start_time,ad_delivery_stop_time,byline,ad_creative_bodies,ad_creative_link_titles,ad_creative_link_captions,ad_creative_link_descriptions,impressions,spend,currency,demographic_distribution,delivery_by_region,publisher_platforms,estimated_audience_size,languages
921810482745028,279851075208094,"RÄƒzvan Biro",2024-11-22,2024-11-22,,"RÄƒzvan Biro","ğŸŸ¡ DuminicÄƒ votÄƒm @[100044563410651:2048:George Simion] preÈ™edinte!
CMF 11240014",,,,"lower_bound: 20000, upper_bound: 24999","lower_bound: 200, upper_bound: 299",RON,"{""age"":""18-24"",""gender"":""female"",""percentage"":0.003856},{""age"":""45-54"",""gender"":""male"",""percentage"":0.157065},{""age"":""65+"",""gender"":""male"",""percentage"":0.080687},{""age"":""65+"",""gender"":""female"",""percentage"":0.178215},{""age"":""55-64"",""gender"":""unknown"",""percentage"":0.000454},{""age"":""55-64"",""gender"":""male"",""percentage"":0.129054},{""age"":""55-64"",""gender"":""female"",""percentage"":0.15939},{""age"":""45-54"",""gender"":""unknown"",""percentage"":0.00034},{""age"":""45-54"",""gender"":""female"",""percentage"":0.120492},{""age"":""18-24"",""gender"":""male"",""percentage"":0.005897},{""age"":""35-44"",""gender"":""unknown"",""percentage"":0.000454},{""age"":""35-44"",""gender"":""male"",""percentage"":0.075017},{""age"":""35-44"",""gender"":""female"",""percentage"":0.042924},{""age"":""25-34"",""gender"":""male"",""percentage"":0.032944},{""age"":""25-34"",""gender"":""female"",""percentage"":0.012928},{""age"":""18-24"",""gender"":""unknown"",""percentage"":5.7e-5},{""age"":""65+"",""gender"":""unknown"",""percentage"":0.000227}","{""region"":""Mure\u0219 County"",""percentage"":1}","facebook,instagram","lower_bound: 100001, upper_bound: 500000",ro
3801991510054994,391863520682771,"Vasiliu Ionel",2024-11-22,2024-11-22,,"SC VIDEO DANCRYS-STUDIO SRL","ğŸ‡¹ğŸ‡©George Simion PreÈ™edinte!ğŸ‡¹ğŸ‡©
CMF: 31240006
#GeorgeSimion #AUR #Algeri2024 #PreÈ™edinte #GeorgeSimionPreÈ™edinte",,,,"lower_bound: 10000, upper_bound: 14999","lower_bound: 100, upper_bound: 199",RON,"{""age"":""18-24"",""gender"":""female"",""percentage"":0.00961},{""age"":""45-54"",""gender"":""male"",""percentage"":0.185353},{""age"":""65+"",""gender"":""male"",""percentage"":0.072611},{""age"":""65+"",""gender"":""female"",""percentage"":0.103844},{""age"":""55-64"",""gender"":""unknown"",""percentage"":0.000623},{""age"":""55-64"",""gender"":""male"",""percentage"":0.142463},{""age"":""55-64"",""gender"":""female"",""percentage"":0.129649},{""age"":""45-54"",""gender"":""unknown"",""percentage"":0.000356},{""age"":""45-54"",""gender"":""female"",""percentage"":0.098327},{""age"":""18-24"",""gender"":""male"",""percentage"":0.011568},{""age"":""35-44"",""gender"":""unknown"",""percentage"":0.000534},{""age"":""35-44"",""gender"":""male"",""percentage"":0.119683},{""age"":""35-44"",""gender"":""female"",""percentage"":0.045382},{""age"":""25-34"",""gender"":""unknown"",""percentage"":8.9e-5},{""age"":""25-34"",""gender"":""male"",""percentage"":0.052411},{""age"":""25-34"",""gender"":""female"",""percentage"":0.027051},{""age"":""18-24"",""gender"":""unknown"",""percentage"":0.000178},{""age"":""65+"",""gender"":""unknown"",""percentage"":0.000267}","{""region"":""Suceava County"",""percentage"":1}","facebook,instagram","lower_bound: 500001, upper_bound: 1000000",ro
908952204223735,397245833483182,"Virgiliu Gheorghe VlÄƒescu pentru Senat",2024-11-22,2024-11-22,,"SC VIDEO DANCRYS-STUDIO SRL","ğŸ‡¹ğŸ‡©George Simion PreÈ™edinte!ğŸ‡¹ğŸ‡©
CMF: 31240006
#GeorgeSimion #AUR #Algeri2024 #PreÈ™edinte #GeorgeSimionPreÈ™edinte",,,,"lower_bound: 10000, upper_bound: 14999","lower_bound: 100, upper_bound: 199",RON,"{""age"":""18-24"",""gender"":""female"",""percentage"":0.003199},{""age"":""45-54"",""gender"":""male"",""percentage"":0.222192},{""age"":""65+"",""gender"":""male"",""percentage"":0.066813},{""age"":""65+"",""gender"":""female"",""percentage"":0.096518},{""age"":""55-64"",""gender"":""unknown"",""percentage"":0.000457},{""age"":""55-64"",""gender"":""male"",""percentage"":0.169911},{""age"":""55-64"",""gender"":""female"",""percentage"":0.111324},{""age"":""45-54"",""gender"":""unknown"",""percentage"":0.000274},{""age"":""45-54"",""gender"":""female"",""percentage"":0.078146},{""age"":""18-24"",""gender"":""male"",""percentage"":0.009323},{""age"":""35-44"",""gender"":""unknown"",""percentage"":0.000274},{""age"":""35-44"",""gender"":""male"",""percentage"":0.144777},{""age"":""35-44"",""gender"":""female"",""percentage"":0.031898},{""age"":""25-34"",""gender"":""unknown"",""percentage"":9.1e-5},{""age"":""25-34"",""gender"":""male"",""percentage"":0.053469},{""age"":""25-34"",""gender"":""female"",""percentage"":0.010968},{""age"":""18-24"",""gender"":""unknown"",""percentage"":0.000274},{""age"":""65+"",""gender"":""unknown"",""percentage"":9.1e-5}","{""region"":""Suceava County"",""percentage"":1}","facebook,instagram","lower_bound: 500001, upper_bound: 1000000",ro
451750557962158,450430614819917,"Negrea Petru-Gabriel",2024-11-22,2024-11-22,,"SC VIDEO DANCRYS-STUDIO S.R.L","ğŸ‡¹ğŸ‡©George Simion PreÈ™edinte!ğŸ‡¹ğŸ‡©

CMF: 31240006

#GeorgeSimion #AUR #Algeri2024 #PreÈ™edinte #GeorgeSimionPreÈ™edinte",,,,"lower_bound: 10000, upper_bound: 14999","lower_bound: 100, upper_bound: 199",RON,"{""age"":""18-24"",""gender"":""female"",""percentage"":0.005462},{""age"":""45-54"",""gender"":""male"",""percentage"":0.211309},{""age"":""65+"",""gender"":""male"",""percentage"":0.04825},{""age"":""65+"",""gender"":""female"",""percentage"":0.054016},{""age"":""55-64"",""gender"":""unknown"",""percentage"":0.000202},{""age"":""55-64"",""gender"":""male"",""percentage"":0.121788},{""age"":""55-64"",""gender"":""female"",""percentage"":0.067166},{""age"":""45-54"",""gender"":""unknown"",""percentage"":0.000607},{""age"":""45-54"",""gender"":""female"",""percentage"":0.046227},{""age"":""18-24"",""gender"":""male"",""percentage"":0.026502},{""age"":""35-44"",""gender"":""unknown"",""percentage"":0.000809},{""age"":""35-44"",""gender"":""male"",""percentage"":0.229112},{""age"":""35-44"",""gender"":""female"",""percentage"":0.031357},{""age"":""25-34"",""gender"":""unknown"",""percentage"":0.000405},{""age"":""25-34"",""gender"":""male"",""percentage"":0.137265},{""age"":""25-34"",""gender"":""female"",""percentage"":0.019118},{""age"":""18-24"",""gender"":""unknown"",""percentage"":0.000202},{""age"":""65+"",""gender"":""unknown"",""percentage"":0.000202}","{""region"":""Suceava County"",""percentage"":1}","facebook,instagram","lower_bound: 500001, upper_bound: 1000000",ro
1136207171352012,104911541560472,"Lucian-Florin PuÈ™caÈ™u",2024-11-22,2024-11-22,,"SC VIDEO DANCRYS-STUDIO SRL","ğŸ‡¹ğŸ‡©George Simion PreÈ™edinte!ğŸ‡¹ğŸ‡©
CMF: 31240006
#GeorgeSimion #AUR #Algeri2024 #PreÈ™edinte #GeorgeSimionPreÈ™edinte",,,,"lower_bound: 10000, upper_bound: 14999","lower_bound: 100, upper_bound: 199",RON,"{""age"":""18-24"",""gender"":""female"",""percentage"":0.019752},{""age"":""45-54"",""gender"":""male"",""percentage"":0.184026},{""age"":""65+"",""gender"":""male"",""percentage"":0.0449},{""age"":""65+"",""gender"":""female"",""percentage"":0.053967},{""age"":""55-64"",""gender"":""unknown"",""percentage"":0.000432},{""age"":""55-64"",""gender"":""male"",""percentage"":0.0966},{""age"":""55-64"",""gender"":""female"",""percentage"":0.064436},{""age"":""45-54"",""gender"":""unknown"",""percentage"":0.00054},{""age"":""45-54"",""gender"":""female"",""percentage"":0.049757},{""age"":""18-24"",""gender"":""male"",""percentage"":0.07469},{""age"":""35-44"",""gender"":""unknown"",""percentage"":0.000971},{""age"":""35-44"",""gender"":""male"",""percentage"":0.189962},{""age"":""35-44"",""gender"":""female"",""percentage"":0.033243},{""age"":""25-34"",""gender"":""unknown"",""percentage"":0.000971},{""age"":""25-34"",""gender"":""male"",""percentage"":0.15564},{""age"":""25-34"",""gender"":""female"",""percentage"":0.028818},{""age"":""18-24"",""gender"":""unknown"",""percentage"":0.001079},{""age"":""65+"",""gender"":""unknown"",""percentage"":0.000216}","{""region"":""Suceava County"",""percentage"":1}","facebook,instagram","lower_bound: 500001, upper_bound: 1000000",ro
923407932626906,170623543081668,"Adrian Oros",2024-11-22,2024-11-22,,"WEBASSIST CONSULTING SRL","@[100058224364225:2048:Ludovic Orban] - mesaj pentru Nicolae CiucÄƒ. 

DacÄƒ mai aveÈ›i o urmÄƒ de onoare, de realism È™i de respect faÈ›Äƒ de romÃ¢nii care cred Ã®n valorile liberale, faceÈ›i ce este bine pentru RomÃ¢nia!

Este ceasul al doisprezecelea. AveÈ›i 0 È™anse sÄƒ intraÈ›i Ã®n turul doi. Cei din jurul dumneavoastrÄƒ vÄƒ mint. VÄƒ prezintÄƒ sondaje mistificate. DacÄƒ vÄƒ Ã®ncÄƒpÄƒÈ›Ã¢naÈ›i sÄƒ nu acceptaÈ›i evidenÈ›a È™i rÄƒmÃ¢neÈ›i Ã®n cursÄƒ, nu veÈ›i fi nimic altceva decÃ¢t un iepure al lui Ciolacu.  PuteÈ›i provoca un dezastru pentru democraÈ›ie, adicÄƒ un tur doi Ã®ntre Ciolacu È™i Simion. Ratarea intrÄƒrii Ã®n turul doi va prÄƒbuÈ™i partidul la alegerile parlamentare È™i veÈ›i fi alungat cu furci È™i cu topoare din fruntea partidului chiar de cei care astÄƒzi vÄƒ mint cu neruÈ™inare cÄƒ aveÈ›i È™anse.

Singurul candidat din bazinul democratic de centru dreapta care are È™anse reale sÄƒ intre Ã®n turul doi È™i sÄƒ Ã®l Ã®nvingÄƒ pe Ciolacu este @[100057026456960:2048:Elena Lasconi].

FiÈ›i bÄƒrbat de stat. FiÈ›i generalul care dÄƒ dovadÄƒ de inteligenÈ›a necesarÄƒ pentru a se alia cu altÄƒ forÈ›Äƒ democraticÄƒ pentru a cÃ¢È™tiga bÄƒtÄƒlia. RenunÈ›aÈ›i la candidaturÄƒ! SusÈ›ineÈ›i candidatura lui Elena Lasconi!

PuteÈ›i negocia construcÈ›ia unui tandem preÈ™edinte - premier, cu Elena Lasconi preÈ™edinte È™i premier din partea PNL. PuteÈ›i rÄƒmÃ¢ne preÈ™edintele PNL È™i puteÈ›i asigura victoria dreptei democratice atÃ¢t Ã®n alegerile prezidenÈ›iale, cÃ¢t È™i Ã®n alegerile parlamentare.

V-aÈ›i tÄƒvÄƒlit 3 ani Ã®n mocirla alianÈ›ei cu PSD. TreziÈ›i-vÄƒ pÃ¢nÄƒ nu este prea tÃ¢rziu! AbandonaÈ›i-l pe Iohannis Ã®n lada de gunoi a istoriei, unde a intrat singur. DeclaraÈ›i rÄƒzboi cu adevÄƒrat Ã®mpotriva PSD! VeniÈ›i mÄƒcar acum alÄƒturi de mine È™i de cei din ForÈ›a Dreptei, care nu au acceptat nici mÄƒcar o secundÄƒ sÄƒ se predea cleptocraÈ›ilor roÈ™ii. FaceÈ›i gestul firesc pe care l-am fÄƒcut È™i eu pentru a da o È™ansÄƒ realÄƒ RomÃ¢niei de a porni pe drumul corect!",,,,"lower_bound: 125000, upper_bound: 149999","lower_bound: 1500, upper_bound: 1999",RON,"{""age"":""18-24"",""gender"":""female"",""percentage"":0.015366},{""age"":""45-54"",""gender"":""male"",""percentage"":0.164968},{""age"":""65+"",""gender"":""male"",""percentage"":0.059887},{""age"":""65+"",""gender"":""female"",""percentage"":0.082747},{""age"":""55-64"",""gender"":""unknown"",""percentage"":0.000377},{""age"":""55-64"",""gender"":""male"",""percentage"":0.115679},{""age"":""55-64"",""gender"":""female"",""percentage"":0.091768},{""age"":""45-54"",""gender"":""unknown"",""percentage"":0.000684},{""age"":""45-54"",""gender"":""female"",""percentage"":0.06745},{""age"":""18-24"",""gender"":""male"",""percentage"":0.032912},{""age"":""35-44"",""gender"":""unknown"",""percentage"":0.001011},{""age"":""35-44"",""gender"":""male"",""percentage"":0.166544},{""age"":""35-44"",""gender"":""female"",""percentage"":0.046791},{""age"":""25-34"",""gender"":""unknown"",""percentage"":0.000605},{""age"":""25-34"",""gender"":""male"",""percentage"":0.113022},{""age"":""25-34"",""gender"":""female"",""percentage"":0.039604},{""age"":""18-24"",""gender"":""unknown"",""percentage"":0.000297},{""age"":""65+"",""gender"":""unknown"",""percentage"":0.000287}","{""region"":""Cluj County"",""percentage"":1}",facebook,"lower_bound: 100001, upper_bound: 500000",ro
1324022541930513,101254968456255,"CÄƒlin Gheorghe MatieÈ™ - Candidat AUR C.DeputaÈ›ilor",2024-11-22,2024-11-22,,"I AM ONLINE SRL","Primarii din Baia de ArieÈ™, domnul @[100092577071303:2048:Dup Marius], din Valea LungÄƒ, domnul @[100011528565625:2048:Dan Aldea], È™i din Bucerdea GrÃ¢noasÄƒ, domnul @[100073670889411:2048:Vasile Sevestrean], Ã®l susÈ›in pe @[100044563410651:2048:George Simion] la alegerile prezidenÈ›iale din 24 noiembrie. ğŸ‡·ğŸ‡´

Pe 24 noiembrie, votaÈ›i George Simion PreÈ™edinte pentru o RomÃ¢nie cinstitÄƒ È™i unitÄƒ!

Cod Mandatar Financiar Coordonator: 11240014",,,,"lower_bound: 30000, upper_bound: 34999","lower_bound: 200, upper_bound: 299",RON,"{""age"":""18-24"",""gender"":""female"",""percentage"":0.007647},{""age"":""45-54"",""gender"":""male"",""percentage"":0.174611},{""age"":""65+"",""gender"":""male"",""percentage"":0.07295},{""age"":""65+"",""gender"":""female"",""percentage"":0.090542},{""age"":""55-64"",""gender"":""unknown"",""percentage"":0.000375},{""age"":""55-64"",""gender"":""male"",""percentage"":0.12629},{""age"":""55-64"",""gender"":""female"",""percentage"":0.100676},{""age"":""45-54"",""gender"":""unknown"",""percentage"":0.000469},{""age"":""45-54"",""gender"":""female"",""percentage"":0.071402},{""age"":""18-24"",""gender"":""male"",""percentage"":0.0266},{""age"":""35-44"",""gender"":""unknown"",""percentage"":0.000751},{""age"":""35-44"",""gender"":""male"",""percentage"":0.161522},{""age"":""35-44"",""gender"":""female"",""percentage"":0.041237},{""age"":""25-34"",""gender"":""unknown"",""percentage"":0.000235},{""age"":""25-34"",""gender"":""male"",""percentage"":0.105038},{""age"":""25-34"",""gender"":""female"",""percentage"":0.019281},{""age"":""18-24"",""gender"":""unknown"",""percentage"":9.4e-5},{""age"":""65+"",""gender"":""unknown"",""percentage"":0.000281}","{""region"":""Alba County"",""percentage"":1}","facebook,instagram","lower_bound: 100001, upper_bound: 500000",ro
1074079691186801,641274583169945,"Ilie-Vasile SÃ®rbu",2024-11-21,2024-11-21,,"UNIWORLD - MEDIA SRL","TimiÈ™oara are nevoie de o bazÄƒ olimpicÄƒ de canotaj È™i caiac-canoe pentru a susÈ›ine performanÈ›a sportivÄƒ. VotaÈ›i AUR Ã®n Parlamentul RomÃ¢niei È™i pe George Simion preÈ™edinte pentru dezvoltarea acestui proiect!",,,,"lower_bound: 4000, upper_bound: 4999","lower_bound: 100, upper_bound: 199",RON,"{""age"":""18-24"",""gender"":""female"",""percentage"":0.004689},{""age"":""45-54"",""gender"":""female"",""percentage"":0.04689},{""age"":""65+"",""gender"":""male"",""percentage"":0.107848},{""age"":""65+"",""gender"":""female"",""percentage"":0.075765},{""age"":""55-64"",""gender"":""male"",""percentage"":0.159427},{""age"":""55-64"",""gender"":""female"",""percentage"":0.073791},{""age"":""45-54"",""gender"":""unknown"",""percentage"":0.000987},{""age"":""45-54"",""gender"":""male"",""percentage"":0.200148},{""age"":""35-44"",""gender"":""unknown"",""percentage"":0.00074},{""age"":""18-24"",""gender"":""male"",""percentage"":0.01999},{""age"":""35-44"",""gender"":""male"",""percentage"":0.172754},{""age"":""35-44"",""gender"":""female"",""percentage"":0.034304},{""age"":""25-34"",""gender"":""unknown"",""percentage"":0.000247},{""age"":""25-34"",""gender"":""male"",""percentage"":0.087611},{""age"":""25-34"",""gender"":""female"",""percentage"":0.013574},{""age"":""18-24"",""gender"":""unknown"",""percentage"":0.00074},{""age"":""65+"",""gender"":""unknown"",""percentage"":0.000494}","{""region"":""Timi\u0219 County"",""percentage"":1}",facebook,"lower_bound: 100001, upper_bound: 500000",ro
606566962031157,117699898246474,"Centrul Roman de Politici Europene - CRPE",2024-11-21,2024-11-21,,"Centrul Roman de Politici Europene - CRPE","Am pregÄƒtit o scurtÄƒ prezentare a candidaÈ›ilor la prezidenÈ›iale pentru votanÈ›ii romÃ¢ni din Republica Moldova ğŸ‡¹ğŸ‡©ğŸ‡²ğŸ‡©. Ne vedem la vot, secÈ›iile de vot din diasporÄƒ se deschid vineri la ora 12 00 È™i se poate vota inclusiv pÃ¢nÄƒ duminica la ora 21 00. 

Ãn Republica Moldova sunt deschise 59 de secÈ›ii de votare.

Pentru o prezentare Ã®n detaliu vÄƒ rugÄƒm accesaÈ›i:  https://cpr.md/2024/11/19/o-scurta-prezentare-a-candidatilor-pentru-votantii-romani-din-republica-moldova/",,,,"lower_bound: 3000, upper_bound: 3999","lower_bound: 0, upper_bound: 99",RON,"{""age"":""18-24"",""gender"":""female"",""percentage"":0.10882},{""age"":""18-24"",""gender"":""male"",""percentage"":0.198931},{""age"":""18-24"",""gender"":""unknown"",""percentage"":0.000382},{""age"":""25-34"",""gender"":""female"",""percentage"":0.124475},{""age"":""25-34"",""gender"":""male"",""percentage"":0.272623},{""age"":""35-44"",""gender"":""female"",""percentage"":0.045819},{""age"":""35-44"",""gender"":""male"",""percentage"":0.086674},{""age"":""35-44"",""gender"":""unknown"",""percentage"":0.000764},{""age"":""45-54"",""gender"":""female"",""percentage"":0.024819},{""age"":""45-54"",""gender"":""male"",""percentage"":0.036655},{""age"":""45-54"",""gender"":""unknown"",""percentage"":0.000382},{""age"":""55-64"",""gender"":""female"",""percentage"":0.034746},{""age"":""55-64"",""gender"":""male"",""percentage"":0.026346},{""age"":""55-64"",""gender"":""unknown"",""percentage"":0.000382},{""age"":""65+"",""gender"":""female"",""percentage"":0.022146},{""age"":""65+"",""gender"":""male"",""percentage"":0.016037}","{""region"":""Alba County"",""percentage"":0.016129},{""region"":""Prahova County"",""percentage"":0.031874},{""region"":""Ia\u0219i County"",""percentage"":0.076037},{""region"":""Ilfov County"",""percentage"":0.011905},{""region"":""Maramure\u0219 County"",""percentage"":0.009601},{""region"":""Mehedin\u021bi County"",""percentage"":0.006912},{""region"":""Mure\u0219 County"",""percentage"":0.023041},{""region"":""Neam\u021b County"",""percentage"":0.017281},{""region"":""Olt County"",""percentage"":0.008449},{""region"":""Satu Mare County"",""percentage"":0.013825},{""region"":""Hunedoara County"",""percentage"":0.014593},{""region"":""Sibiu County"",""percentage"":0.026882},{""region"":""Suceava County"",""percentage"":0.034178},{""region"":""S\u0103laj County"",""percentage"":0.008065},{""region"":""Teleorman County"",""percentage"":0.003456},{""region"":""Timi\u0219 County"",""percentage"":0.062596},{""region"":""Tulcea County"",""percentage"":0.004608},{""region"":""Vaslui County"",""percentage"":0.008449},{""region"":""Vrancea County"",""percentage"":0.009985},{""region"":""Ialomi\u021ba County"",""percentage"":0.006912},{""region"":""Harghita County"",""percentage"":0.010369},{""region"":""Arad County"",""percentage"":0.022657},{""region"":""Buz\u0103u County"",""percentage"":0.019969},{""region"":""Arge\u0219 County"",""percentage"":0.024194},{""region"":""Bac\u0103u County"",""percentage"":0.020737},{""region"":""Bihor County"",""percentage"":0.029954},{""region"":""Bistri\u021ba-N\u0103s\u0103ud County"",""percentage"":0.008833},{""region"":""Boto\u0219ani County"",""percentage"":0.012673},{""region"":""Bra\u0219ov County"",""percentage"":0.032642},{""region"":""Br\u0103ila County"",""percentage"":0.013825},{""region"":""Bucharest"",""percentage"":0.195853},{""region"":""Cara\u0219-Severin County"",""percentage"":0.013441},{""region"":""Gorj County"",""percentage"":0.011137},{""region"":""Cluj County"",""percentage"":0.065284},{""region"":""Constan\u021ba County"",""percentage"":0.030338},{""region"":""Covasna County"",""percentage"":0.008065},{""region"":""C\u0103l\u0103ra\u0219i County"",""percentage"":0.008449},{""region"":""Dolj County"",""percentage"":0.022657},{""region"":""D\u00e2mbovi\u021ba County"",""percentage"":0.015361},{""region"":""Gala\u021bi County"",""percentage"":0.020737},{""region"":""Giurgiu County"",""percentage"":0.00576},{""region"":""V\u00e2lcea County"",""percentage"":0.012289}",facebook,"lower_bound: 500001, upper_bound: 1000000",ro
492771710468418,163277843530611,"Moza Costel -Consilier Local Oradea",2024-11-21,2024-11-21,,"Moza Costel -Consilier Local Oradea","ğŸ‡·ğŸ‡´ Familie. CredinÈ›Äƒ. Viitor.
ğŸ“… Pe 24 noiembrie, voteazÄƒ George Simion PreÈ™edinte!
ğŸ™ Dumnezeu sÄƒ binecuvÃ¢nteze RomÃ¢nia!
CMF 11240014

#GeorgeSimion #Romania2024 #FamilieÈ˜iCredinÈ›Äƒ ğŸ‡·ğŸ‡´",,,,"lower_bound: 35000, upper_bound: 39999","lower_bound: 300, upper_bound: 399",RON,"{""age"":""18-24"",""gender"":""female"",""percentage"":0.008302},{""age"":""45-54"",""gender"":""male"",""percentage"":0.175019},{""age"":""65+"",""gender"":""male"",""percentage"":0.065332},{""age"":""65+"",""gender"":""female"",""percentage"":0.122971},{""age"":""55-64"",""gender"":""unknown"",""percentage"":0.000373},{""age"":""55-64"",""gender"":""male"",""percentage"":0.119244},{""age"":""55-64"",""gender"":""female"",""percentage"":0.140727},{""age"":""45-54"",""gender"":""unknown"",""percentage"":0.00061},{""age"":""45-54"",""gender"":""female"",""percentage"":0.106198},{""age"":""18-24"",""gender"":""male"",""percentage"":0.015282},{""age"":""35-44"",""gender"":""unknown"",""percentage"":0.000745},{""age"":""35-44"",""gender"":""male"",""percentage"":0.120701},{""age"":""35-44"",""gender"":""female"",""percentage"":0.045542},{""age"":""25-34"",""gender"":""unknown"",""percentage"":0.000305},{""age"":""25-34"",""gender"":""male"",""percentage"":0.057775},{""age"":""25-34"",""gender"":""female"",""percentage"":0.020264},{""age"":""18-24"",""gender"":""unknown"",""percentage"":0.000169},{""age"":""65+"",""gender"":""unknown"",""percentage"":0.000441}","{""region"":""Bihor County"",""percentage"":1}",facebook,"lower_bound: 100001, upper_bound: 500000",ro
2631054730430413,1876727935882404,"Bogdan Bola",2024-11-21,2024-11-21,,"Digidev Innotech","Principiile candidaÈ›ilor @[100075801915420:2048:ForÈ›a Dreptei ConstanÈ›a] constau Ã®n garantarea libertÄƒÈ›ii cetÄƒÈ›enilor, egalitatea Ã®n faÈ›a legii, un stat cu o birocraÈ›ie redusÄƒ, piaÈ›Äƒ liberÄƒ (cu intervenÈ›ii minime din partea statului), apÄƒrarea È™i promovarea identitÄƒÈ›ii naÈ›ionale È™i a tradiÈ›iilor, susÈ›inerea instituÈ›iilor fundamentale ale societÄƒÈ›ii: familia, biserica, satul romÃ¢nesc, È™coala.

Noi suntem cei care, pe 24 noiembrie, vom ""sparge"" blatul dintre Ciolacu È™i Simion È™i nu vom lÄƒsa RomÃ¢nia pe mÃ¢na lor. VotaÈ›i Elena Lasconi pentru preÈ™edinte - singurul candidat de dreapta cu È™anse reale sÄƒ intre Ã®n turul 2 - È™i pe candidaÈ›ii @[100044295496241:2048:ForÈ›a Dreptei] pentru Parlamentul RomÃ¢niei pe 01 decembrie! CMF: 11240022",,,,"lower_bound: 20000, upper_bound: 24999","lower_bound: 300, upper_bound: 399",RON,"{""age"":""18-24"",""gender"":""female"",""percentage"":0.005507},{""age"":""18-24"",""gender"":""male"",""percentage"":0.024111},{""age"":""18-24"",""gender"":""unknown"",""percentage"":0.000535},{""age"":""25-34"",""gender"":""female"",""percentage"":0.016145},{""age"":""25-34"",""gender"":""male"",""percentage"":0.09869},{""age"":""25-34"",""gender"":""unknown"",""percentage"":0.000374},{""age"":""35-44"",""gender"":""female"",""percentage"":0.036621},{""age"":""35-44"",""gender"":""male"",""percentage"":0.21807},{""age"":""35-44"",""gender"":""unknown"",""percentage"":0.00139},{""age"":""45-54"",""gender"":""female"",""percentage"":0.076397},{""age"":""45-54"",""gender"":""male"",""percentage"":0.258701},{""age"":""45-54"",""gender"":""unknown"",""percentage"":0.001176},{""age"":""55-64"",""gender"":""female"",""percentage"":0.096605},{""age"":""55-64"",""gender"":""male"",""percentage"":0.164769},{""age"":""55-64"",""gender"":""unknown"",""percentage"":0.000909}","{""region"":""Br\u0103ila County"",""percentage"":0.000213},{""region"":""Constan\u021ba County"",""percentage"":0.997868},{""region"":""C\u0103l\u0103ra\u0219i County"",""percentage"":5.3e-5},{""region"":""Dobrich Province"",""percentage"":5.3e-5},{""region"":""Ialomi\u021ba County"",""percentage"":0.001652},{""region"":""Tulcea County"",""percentage"":0.00016}",facebook,"lower_bound: 100001, upper_bound: 500000",ro
533765789578462,411146385407271,"Ariadna CÃ®rligeanu",2024-11-21,2024-11-21,,"Partidul Alianta pentru Unirea Romanilor","Timpul RomÃ¢niei noastre a Ã®nceput. ğŸ‡·ğŸ‡´
@[100044563410651:2048:George Simion] preÈ™edinte!

CMF: 11240014",,,,"lower_bound: 30000, upper_bound: 34999","lower_bound: 200, upper_bound: 299",RON,"{""age"":""18-24"",""gender"":""female"",""percentage"":0.012877},{""age"":""45-54"",""gender"":""male"",""percentage"":0.191027},{""age"":""65+"",""gender"":""male"",""percentage"":0.058686},{""age"":""65+"",""gender"":""female"",""percentage"":0.076321},{""age"":""55-64"",""gender"":""unknown"",""percentage"":0.000492},{""age"":""55-64"",""gender"":""male"",""percentage"":0.120694},{""age"":""55-64"",""gender"":""female"",""percentage"":0.084236},{""age"":""45-54"",""gender"":""unknown"",""percentage"":0.000287},{""age"":""45-54"",""gender"":""female"",""percentage"":0.070169},{""age"":""18-24"",""gender"":""male"",""percentage"":0.045399},{""age"":""35-44"",""gender"":""unknown"",""percentage"":0.00041},{""age"":""35-44"",""gender"":""male"",""percentage"":0.165313},{""age"":""35-44"",""gender"":""female"",""percentage"":0.039616},{""age"":""25-34"",""gender"":""unknown"",""percentage"":0.000164},{""age"":""25-34"",""gender"":""male"",""percentage"":0.10876},{""age"":""25-34"",""gender"":""female"",""percentage"":0.02477},{""age"":""18-24"",""gender"":""unknown"",""percentage"":0.000492},{""age"":""65+"",""gender"":""unknown"",""percentage"":0.000287}","{""region"":""Boto\u0219ani County"",""percentage"":1}","facebook,instagram","lower_bound: 500001, upper_bound: 1000000",ro
579586344560267,391863520682771,"Vasiliu Ionel",2024-11-21,2024-11-21,,"SC VIDEO DANCRYS-STUDIO SRL",www.tiktok.com/@ionel.vasiliucj,"Vasiliu Ionel",facebook.com,,"lower_bound: 15000, upper_bound: 19999","lower_bound: 300, upper_bound: 399",RON,"{""age"":""18-24"",""gender"":""female"",""percentage"":0.014133},{""age"":""45-54"",""gender"":""male"",""percentage"":0.126753},{""age"":""65+"",""gender"":""male"",""percentage"":0.116737},{""age"":""65+"",""gender"":""female"",""percentage"":0.132317},{""age"":""55-64"",""gender"":""unknown"",""percentage"":0.000334},{""age"":""55-64"",""gender"":""male"",""percentage"":0.145448},{""age"":""55-64"",""gender"":""female"",""percentage"":0.097485},{""age"":""45-54"",""gender"":""unknown"",""percentage"":0.000779},{""age"":""45-54"",""gender"":""female"",""percentage"":0.067995},{""age"":""18-24"",""gender"":""male"",""percentage"":0.023815},{""age"":""35-44"",""gender"":""unknown"",""percentage"":0.000445},{""age"":""35-44"",""gender"":""male"",""percentage"":0.107278},{""age"":""35-44"",""gender"":""female"",""percentage"":0.048409},{""age"":""25-34"",""gender"":""unknown"",""percentage"":0.000668},{""age"":""25-34"",""gender"":""male"",""percentage"":0.07456},{""age"":""25-34"",""gender"":""female"",""percentage"":0.041732},{""age"":""18-24"",""gender"":""unknown"",""percentage"":0.000334},{""age"":""65+"",""gender"":""unknown"",""percentage"":0.000779}","{""region"":""Suceava County"",""percentage"":1}",facebook,"lower_bound: 500001, upper_bound: 1000000",
1074756370636079,397245833483182,"Virgiliu Gheorghe VlÄƒescu pentru Senat",2024-11-21,2024-11-21,,"SC VIDEO DANCRYS-STUDIO SRL","Biofizician, doctor Ã®n bioeticÄƒ
Candidez pe lista AUR Ã®n judeÈ›ul Suceava pe locul I la Senat
https://www.tiktok.com/@virgiliu.gheorghe",www.fb.com,fb.com,,"lower_bound: 30000, upper_bound: 34999","lower_bound: 300, upper_bound: 399",RON,"{""age"":""18-24"",""gender"":""female"",""percentage"":0.010918},{""age"":""45-54"",""gender"":""male"",""percentage"":0.088419},{""age"":""65+"",""gender"":""male"",""percentage"":0.119109},{""age"":""65+"",""gender"":""female"",""percentage"":0.232791},{""age"":""55-64"",""gender"":""unknown"",""percentage"":0.000635},{""age"":""55-64"",""gender"":""male"",""percentage"":0.116697},{""age"":""55-64"",""gender"":""female"",""percentage"":0.150846},{""age"":""45-54"",""gender"":""unknown"",""percentage"":0.00054},{""age"":""45-54"",""gender"":""female"",""percentage"":0.065949},{""age"":""18-24"",""gender"":""male"",""percentage"":0.023454},{""age"":""35-44"",""gender"":""unknown"",""percentage"":0.000571},{""age"":""35-44"",""gender"":""male"",""percentage"":0.067155},{""age"":""35-44"",""gender"":""female"",""percentage"":0.033927},{""age"":""25-34"",""gender"":""unknown"",""percentage"":0.00019},{""age"":""25-34"",""gender"":""male"",""percentage"":0.061284},{""age"":""25-34"",""gender"":""female"",""percentage"":0.02631},{""age"":""18-24"",""gender"":""unknown"",""percentage"":0.000317},{""age"":""65+"",""gender"":""unknown"",""percentage"":0.000889}","{""region"":""Suceava County"",""percentage"":1}",facebook,"lower_bound: 500001, upper_bound: 1000000",ro
1403065744411136,104911541560472,"Lucian-Florin PuÈ™caÈ™u",2024-11-21,2024-11-21,,"SC VIDEO DANCRYS-STUDIO SRL","Deputat AUR ales Ã®n CircumscripÅ£ia electoralÄƒ nr. 35 Suceava Ã®n data de 6.12.2020.
https://www.tiktok.com/@florinpuscasu",www.fb.com,fb.com,,"lower_bound: 30000, upper_bound: 34999","lower_bound: 300, upper_bound: 399",RON,"{""age"":""18-24"",""gender"":""female"",""percentage"":0.009481},{""age"":""45-54"",""gender"":""male"",""percentage"":0.097482},{""age"":""65+"",""gender"":""male"",""percentage"":0.128225},{""age"":""65+"",""gender"":""female"",""percentage"":0.23724},{""age"":""55-64"",""gender"":""unknown"",""percentage"":0.000528},{""age"":""55-64"",""gender"":""male"",""percentage"":0.129437},{""age"":""55-64"",""gender"":""female"",""percentage"":0.154181},{""age"":""45-54"",""gender"":""unknown"",""percentage"":0.000466},{""age"":""45-54"",""gender"":""female"",""percentage"":0.067734},{""age"":""18-24"",""gender"":""male"",""percentage"":0.016724},{""age"":""35-44"",""gender"":""unknown"",""percentage"":0.000311},{""age"":""35-44"",""gender"":""male"",""percentage"":0.057818},{""age"":""35-44"",""gender"":""female"",""percentage"":0.030929},{""age"":""25-34"",""gender"":""unknown"",""percentage"":0.000155},{""age"":""25-34"",""gender"":""male"",""percentage"":0.04526},{""age"":""25-34"",""gender"":""female"",""percentage"":0.023065},{""age"":""18-24"",""gender"":""unknown"",""percentage"":0.000218},{""age"":""65+"",""gender"":""unknown"",""percentage"":0.000746}","{""region"":""Suceava County"",""percentage"":1}",facebook,"lower_bound: 500001, upper_bound: 1000000",ro
8481490908566311,528408150903547,"Stelian Ion",2024-11-21,2024-11-21,,"USR ConstanÈ›a","Asocierea lui Marcel Ciolacu cu escrocheria Nordis este clarÄƒ pentru toatÄƒ lumea. Ãntr-o È›arÄƒ normalÄƒ, pesedistul Ciolacu ar fi trebuit sÄƒ demisioneze urgent din toate funcÈ›iile publice, sÄƒ-È™i ia tÄƒlpÄƒÈ™iÈ›a, sÄƒ renunÈ›e È™i la candidatura la preÈ™edinÈ›ia RomÃ¢niei, umplut de ruÈ™ine pentru cÄƒ a fost prins cu minciuna.

â“ Dar cÃ¢nd aÈ›i vÄƒzut ultima datÄƒ un È™ef PSD cu bun-simÈ›, principii, coloanÄƒ vertebralÄƒ? 

Ãntrebat dacÄƒ a mers cu avionul privat la Nisa alÄƒturi de Laura Vicol, cea pe care a impus-o la preÈ™edinÈ›ia Comisiei Juridice din Camera DeputaÈ›ilor, alÄƒturi de soÈ›ul ei, patronul de la Nordis, È™i alÈ›i pesediÈ™ti, Ciolacu a negat. A venit È™mechereÈ™te È™i a spus cÄƒ, de fapt, e o confuzie de nume, cÄƒ â€Ciolacu este un nume aromÃ¢n È™i cÄƒ Ã®n ConstanÈ›a jumÄƒtate din cartea de telefon este plinÄƒ cu acest nume È™i cu siguranÈ›Äƒ e o coincidenÈ›Äƒâ€œ.

â—ï¸ VÄƒ daÈ›i seama pÃ¢nÄƒ unde pot merge tupeul È™i aceastÄƒ atitudine de biÈ™niÈ›ar care, Ã®n mod incredibil, se viseazÄƒ preÈ™edinte al RomÃ¢niei? 

JurnaliÈ™tii de la @[100041180724596:2048:G4 Media] au prezentat documentul, foaia de Ã®mbaracare, pe care scrie clar cine au fost persoanele prezente Ã®n acel jet privat de lux: Marcel Ciolacu cu fiul sÄƒu, Grindeanu, Alfred Simonis, Laura Vicol È™i soÈ›ul ei, Vladimir CiorbÄƒ, patronul acestei firme acuzatÄƒ de escrocarea a sute de romÃ¢ni.

Ãn faÈ›a unei dovezi atÃ¢t de clare, Ciolacu iese È™i spune cÄƒ nu a folosit bani publici, ci bani privaÈ›i. Apoi se rÄƒzgÃ¢ndeÈ™te È™i spune cÄƒ totul este, de fapt, o minciunÄƒ È™i se victimizeazÄƒ. Ar trebui ca DNA-ul sÄƒ cerceteze, dacÄƒ vorbim de fapte de corupÈ›ie aici, de foloase necuvenite obÈ›inute de acest individ pentru a o promova pe Laura Vicol la preÈ™edinÈ›ia Comisiei Juridice È™i pentru tot felul de alte avantaje care sÄƒ fie Ã®ntoarse cÄƒtre Nordis.

â€¼ï¸ Nu putem sÄƒ avem un astfel de preÈ™edinte mincinoÈ™ È™i combinator. RomÃ¢nia meritÄƒ mai mult, meritÄƒm altceva. Este momentul sÄƒ avem un preÈ™edinte onest, un preÈ™edinte care se implicÄƒ pentru romÃ¢ni, nu pentru afacerile dubioase de partid È™i pentru combinaÈ›iile gÄƒÈ™tii din care face parte.  

Avem posibilitatea sÄƒ avem un preÈ™edinte de dreapta, un om care nu este aservit acestui sistem nenorocit, care a furat toate È™ansele de dezvoltare È™i de reformÄƒ din statul romÃ¢n. 

âœŠ HaideÈ›i sÄƒ-i oprim, sÄƒ-l trimitem acasÄƒ È™i pe Ciolacu, sÄƒ-i trimitem È™i pe Simion È™i pe pesedistul vopsit Ã®n galben, omul lui Iohannis È™i omul sistemului, CiucÄƒ, sÄƒ-i trimitem pe toÈ›i acasÄƒ È™i sÄƒ intrÄƒm Ã®ntr-o zonÄƒ de reformÄƒ È™i de normalizare a vieÈ›ii noastre Ã®n È›ara asta.

#ElenaLasconi #USRinParlament CMF: 11240015",,,,"lower_bound: 25000, upper_bound: 29999","lower_bound: 200, upper_bound: 299",RON,"{""age"":""18-24"",""gender"":""female"",""percentage"":0.003503},{""age"":""18-24"",""gender"":""male"",""percentage"":0.008803},{""age"":""25-34"",""gender"":""female"",""percentage"":0.007456},{""age"":""25-34"",""gender"":""male"",""percentage"":0.027803},{""age"":""35-44"",""gender"":""female"",""percentage"":0.013564},{""age"":""35-44"",""gender"":""male"",""percentage"":0.085295},{""age"":""45-54"",""gender"":""female"",""percentage"":0.046667},{""age"":""45-54"",""gender"":""male"",""percentage"":0.175799},{""age"":""55-64"",""gender"":""female"",""percentage"":0.119969},{""age"":""55-64"",""gender"":""male"",""percentage"":0.199245},{""age"":""65+"",""gender"":""female"",""percentage"":0.191116},{""age"":""65+"",""gender"":""male"",""percentage"":0.120778}","{""region"":""Constan\u021ba County"",""percentage"":1}","facebook,instagram","lower_bound: 100001, upper_bound: 500000",ro
1077061223689275,103972316369778,"Impact real",2024-11-19,2024-11-21,,"Impact real","Campania electoralÄƒ pentru alegerile prezidenÈ›iale din RomÃ¢nia a Ã®nceput de cÃ¢teva zile bune, iar pe panourile de afiÈ™aj publice din VÃ¢lcea nu apar toÈ›i cei 14 candidaÈ›i, de parcÄƒ unii dintre ei nici mÄƒcar nu ar exista.","Baletul politic al dealerilor de voturi",impactreal.ro,"Baletul politic al dealerilor de voturi","lower_bound: 2000, upper_bound: 2999","lower_bound: 0, upper_bound: 99",RON,"{""age"":""25-34"",""gender"":""female"",""percentage"":0.009265},{""age"":""25-34"",""gender"":""male"",""percentage"":0.033091},{""age"":""35-44"",""gender"":""female"",""percentage"":0.023825},{""age"":""35-44"",""gender"":""male"",""percentage"":0.093977},{""age"":""45-54"",""gender"":""female"",""percentage"":0.056254},{""age"":""45-54"",""gender"":""male"",""percentage"":0.177366},{""age"":""55-64"",""gender"":""female"",""percentage"":0.099934},{""age"":""55-64"",""gender"":""male"",""percentage"":0.218398},{""age"":""55-64"",""gender"":""unknown"",""percentage"":0.001324},{""age"":""65+"",""gender"":""female"",""percentage"":0.111185},{""age"":""65+"",""gender"":""male"",""percentage"":0.175381}","{""region"":""V\u00e2lcea County"",""percentage"":1}",facebook,"lower_bound: 100001, upper_bound: 500000",ro
1089703459529652,296678066869537,"AUR - SÄƒlaÈ™u de Sus",2024-11-20,2024-11-20,,"AUR - SÄƒlaÈ™u de Sus","Nu existÄƒ rÄƒu mai mare decÃ¢t â€rÄƒul cel mai micâ€. Lozinca asta cu rÄƒul mic Ã®i Å£ine pe ei la butoane, Ã®n timp ce Å£ara se afundÄƒ din rÄƒu Ã®n mai rÄƒu, pÃ¢nÄƒ cÃ¢nd â€rÄƒul cel mai micâ€ a devenit Marele RÄƒu. Oamenii sistemului actual sunt tot mai aroganÅ£i, mai hoÅ£i ÅŸi mai eterni pe funcÅ£ii. Nu mai au nici ruÅŸine, nici fricÄƒ. Nu dau socotealÄƒ nimÄƒnui, iar tu n-ai unde sÄƒ te plÃ¢ngi. Oamenii lor sunt ca rÃ¢ia, s-au Ã®ntins peste tot. Å-au tras legi sÄƒ se asigure cÄƒ pot fura â€legalâ€, iar justiÅ£ia e un fel de mÄƒciucÄƒ a puterii. 
De aceea, la aceste alegeri, Ã®l voi vota pe George Simion - preÅŸedinte. DacÄƒ el e rÄƒul cel mai mare, atunci fie! Cu â€rÄƒul cel mai micâ€ m-am lÄƒmurit ÅŸi m-am tot fript. De data asta vreau altceva. Ori la bal, ori la spital.","... ÅŸi eu votez George Simion",hd.cotidianul.ro,"Nu existÄƒ rÄƒu mai mare decÃ¢t â€rÄƒul cel mai micâ€. Lozinca asta Ã®i Å£ine pe ei la butoane, Ã®n timp ce Å£ara se afundÄƒ din rÄƒu Ã®n mai rÄƒu, pÃ¢nÄƒ cÃ¢nd â€rÄƒul cel mai micâ€ a devenit Marele RÄƒu. Oamenii [...]","lower_bound: 25000, upper_bound: 29999","lower_bound: 100, upper_bound: 199",RON,"{""age"":""18-24"",""gender"":""female"",""percentage"":0.013226},{""age"":""45-54"",""gender"":""male"",""percentage"":0.115177},{""age"":""65+"",""gender"":""male"",""percentage"":0.120578},{""age"":""65+"",""gender"":""female"",""percentage"":0.166538},{""age"":""55-64"",""gender"":""unknown"",""percentage"":0.00022},{""age"":""55-64"",""gender"":""male"",""percentage"":0.122451},{""age"":""55-64"",""gender"":""female"",""percentage"":0.119365},{""age"":""45-54"",""gender"":""unknown"",""percentage"":0.000441},{""age"":""45-54"",""gender"":""female"",""percentage"":0.093905},{""age"":""18-24"",""gender"":""male"",""percentage"":0.019729},{""age"":""35-44"",""gender"":""unknown"",""percentage"":0.00022},{""age"":""35-44"",""gender"":""male"",""percentage"":0.08112},{""age"":""35-44"",""gender"":""female"",""percentage"":0.059187},{""age"":""25-34"",""gender"":""unknown"",""percentage"":0.000772},{""age"":""25-34"",""gender"":""male"",""percentage"":0.048496},{""age"":""25-34"",""gender"":""female"",""percentage"":0.037694},{""age"":""18-24"",""gender"":""unknown"",""percentage"":0.000331},{""age"":""65+"",""gender"":""unknown"",""percentage"":0.000551}","{""region"":""Alba County"",""percentage"":0.157827},{""region"":""Arad County"",""percentage"":0.004607},{""region"":""Cara\u0219-Severin County"",""percentage"":0.108754},{""region"":""Gorj County"",""percentage"":0.012215},{""region"":""Hunedoara County"",""percentage"":0.614915},{""region"":""Sibiu County"",""percentage"":0.000964},{""region"":""Timi\u0219 County"",""percentage"":0.100611},{""region"":""V\u00e2lcea County"",""percentage"":0.000107}","facebook,instagram","lower_bound: 100001, upper_bound: 500000",ro
1922465028238746,2189728337924968,"Dan TanasÄƒ",2024-11-20,2024-11-20,,"Voga Design & Architecture","35 de ani de trÄƒdare È™i sÄƒrÄƒcie! 
Milioane de romÃ¢ni plecaÈ›i, datorii uriaÈ™e È™i o crizÄƒ demograficÄƒ gravÄƒ. PSD, PNL È™i USR ne-au adus aici!

DuminicÄƒ votez altceva: un familist, cinstit, patriot â€“ 
pe @[100044563410651:2048:George Simion]! 
RomÃ¢nia meritÄƒ lideri care luptÄƒ pentru ea! 

CMF:11200014

#GeorgeSimion #PreÈ™edinte
#RomÃ¢nia #AUR","Votez george Simion",,,"lower_bound: 20000, upper_bound: 24999","lower_bound: 100, upper_bound: 199",RON,"{""age"":""18-24"",""gender"":""female"",""percentage"":0.024291},{""age"":""45-54"",""gender"":""male"",""percentage"":0.180898},{""age"":""65+"",""gender"":""male"",""percentage"":0.028304},{""age"":""65+"",""gender"":""female"",""percentage"":0.049542},{""age"":""55-64"",""gender"":""unknown"",""percentage"":0.000131},{""age"":""55-64"",""gender"":""male"",""percentage"":0.103751},{""age"":""55-64"",""gender"":""female"",""percentage"":0.08949},{""age"":""45-54"",""gender"":""unknown"",""percentage"":0.000654},{""age"":""45-54"",""gender"":""female"",""percentage"":0.122765},{""age"":""18-24"",""gender"":""male"",""percentage"":0.035499},{""age"":""35-44"",""gender"":""unknown"",""percentage"":0.000698},{""age"":""35-44"",""gender"":""male"",""percentage"":0.150022},{""age"":""35-44"",""gender"":""female"",""percentage"":0.072612},{""age"":""25-34"",""gender"":""unknown"",""percentage"":0.000262},{""age"":""25-34"",""gender"":""male"",""percentage"":0.103663},{""age"":""25-34"",""gender"":""female"",""percentage"":0.037026},{""age"":""18-24"",""gender"":""unknown"",""percentage"":0.000262},{""age"":""65+"",""gender"":""unknown"",""percentage"":0.000131}","{""region"":""Arge\u0219 County"",""percentage"":0.063809},{""region"":""Bac\u0103u County"",""percentage"":0.001521},{""region"":""Bra\u0219ov County"",""percentage"":0.155808},{""region"":""Buz\u0103u County"",""percentage"":0.043807},{""region"":""Covasna County"",""percentage"":0.1086},{""region"":""D\u00e2mbovi\u021ba County"",""percentage"":0.140371},{""region"":""Harghita County"",""percentage"":0.102336},{""region"":""Mure\u0219 County"",""percentage"":0.009755},{""region"":""Prahova County"",""percentage"":0.362717},{""region"":""Sibiu County"",""percentage"":0.006086},{""region"":""Vrancea County"",""percentage"":0.005146},{""region"":""V\u00e2lcea County"",""percentage"":4.5e-5}",facebook,"lower_bound: 500001, upper_bound: 1000000",ro
1693913901167510,101164671735899,"Andrei Dirlau",2024-11-20,2024-11-20,,"I AM ONLINE SRL","Poporul romÃ¢n trebuie sÄƒ fie suveran pe propriile resurse. Nu mai putem adopta poziÈ›ia ghiocelului Ã®n faÈ›a birocraÈ›iilor nealeÈ™i ai Europei. 

PreÈ›uim libertatea! Fiecare romÃ¢n ar trebui sÄƒ poatÄƒ vinde oricÃ¢nd animalele sale.

Cu AUR la guvernare È™i George Simion preÈ™edinte, agricultorii vor fi sprijiniÈ›i, iar producÈ›ia lor va ajunge Ã®n magazinele oricÄƒrui romÃ¢n.

#AlbaVoteazaAUR

CMF: 11240014",,,,"lower_bound: 25000, upper_bound: 29999","lower_bound: 100, upper_bound: 199",RON,"{""age"":""18-24"",""gender"":""female"",""percentage"":0.003668},{""age"":""45-54"",""gender"":""male"",""percentage"":0.227994},{""age"":""65+"",""gender"":""male"",""percentage"":0.079153},{""age"":""65+"",""gender"":""female"",""percentage"":0.072363},{""age"":""55-64"",""gender"":""unknown"",""percentage"":0.000248},{""age"":""55-64"",""gender"":""male"",""percentage"":0.181057},{""age"":""55-64"",""gender"":""female"",""percentage"":0.077121},{""age"":""45-54"",""gender"":""unknown"",""percentage"":0.000446},{""age"":""45-54"",""gender"":""female"",""percentage"":0.044211},{""age"":""18-24"",""gender"":""male"",""percentage"":0.014225},{""age"":""35-44"",""gender"":""unknown"",""percentage"":0.000644},{""age"":""35-44"",""gender"":""male"",""percentage"":0.193844},{""age"":""35-44"",""gender"":""female"",""percentage"":0.020519},{""age"":""25-34"",""gender"":""unknown"",""percentage"":0.000347},{""age"":""25-34"",""gender"":""male"",""percentage"":0.076477},{""age"":""25-34"",""gender"":""female"",""percentage"":0.007435},{""age"":""18-24"",""gender"":""unknown"",""percentage"":5.0e-5},{""age"":""65+"",""gender"":""unknown"",""percentage"":0.000198}","{""region"":""Alba County"",""percentage"":1}","facebook,instagram","lower_bound: 100001, upper_bound: 500000",ro
1273462180683780,111523234688179,"Vocea - Botosani",2024-11-19,2024-11-19,,"Vocea Botosani","â€¼ï¸AUDIO BLAT PSD-AURâ€¼ï¸

Ãn plinÄƒ campanie electoralÄƒ pentru alegerile prezidenÈ›iale È™i parlamentare ies la ivealÄƒ detalii incredibile din culise.

RedacÈ›ia Defapt.ro a fÄƒcut publicÄƒ o Ã®nregistrare audio Ã®n care Piedone È™i Simion se alintÄƒ cu â€Satanaâ€ È™i â€SÄƒtÄƒnelâ€. â€SusÈ›inem pe cine stabilim noi doi, da?â€, propune Piedone, iar liderul AUR aprobÄƒ

DiscuÈ›ia este una extrem de amicalÄƒ, schimbul de replici continuÃ¢nd cu remarci ca
â€Io-s mai tÃ¢nÄƒr, apuc sÄƒ fac mai multe fÄƒrÄƒdelegi ca tineâ€, spune Simion fostului primar, aparent Ã®n glumÄƒ.

IatÄƒ transcrierea integralÄƒ a discuÈ›iei dintre preÈ™edintele AUR, George Simion, candidat la preÈ™edinÈ›ia RomÃ¢niei È™i fostul primar al Sectorului 5, Cristian Popescu Piedone,  candidat PSD la Senat, pe o poziÈ›ie eligibilÄƒ:
ğŸ‘‡ğŸ‘‡ğŸ‘‡
â€Piedone: SatanÄƒ!
Simion: Ce-i, SatanÄƒ?
Piedone: SatanÄƒ, sunt Ã®ntr-un judeÈ› care poate sÄƒ fie prieten sau ostilâ€¦
Simion: Eu nu mÄƒ pun cu Satana (â€¦) cel bÄƒtrÃ¢n.
Piedone: PÃ¢i cum sÄƒ te pui cu Satana cel BÄƒtrÃ¢n? Ia-l pe cÄƒlugÄƒru Äƒla de acolo, cÄƒâ€¦
Simion: PÄƒrintele Escrochie e el.
Piedone: PÄƒrintele, lasÄƒ-l. LasÄƒ-l Ã®n pace, dÄƒ-i drumul. SÄƒtÄƒnel, SÄƒtÄƒnel, eu sunt Ã®ngerul alb aruncat de Dumnezeu din ceruri, cu aripile pierdute È™i vreau sÄƒ-mi recÃ¢È™tig aripile astea.
Simion: Tu eÈ™ti Lucifer, prin mine vrei sÄƒ te mÃ¢ntuieÈ™ti, prin mine, prin AURâ€¦
Piedone: SÄƒtÄƒnel, Ã®È›i dau o vorbÄƒ È™i vÄƒ socotiÈ›i trei, douÄƒ luni dupÄƒ aiaâ€¦
Simion: Nu È™tim ce sÄƒ mai facemâ€¦Daâ€¦Singura problemÄƒ pe care o avem e cÄƒ aveÈ›i un avocat escroc, a venit toatÄƒ lumea Ã®n audienÈ›Äƒ sÄƒ-mi zicÄƒ despre el, IonaÈ™cu Ã®l cheamÄƒ.
Piedone:Ãmi bag p..a Ã®n mÄƒ-sa. Mi se rupe p..a de mÄƒ-sa È™i cÃ¢t de curÃ¢nd rÄƒmÃ¢ne apatrid, nicÄƒieri.
Simion: Bravo. Hai sÄƒ vedem. E timpul sÄƒ deveniÈ›i È™i voi mai onorabili, sÄƒ scÄƒpaÈ›i de escroci.
Piedone: BÄƒi, tu vorbeÈ™ti cu mine, mÄƒ. CÄƒdacÄƒ ne analizÄƒm pe amÃ¢ndoi, din cÄƒruÈ›a ta sunt mult mai mulÈ›i decÃ¢t la mine, te rog io frumos.
Simion:Da io-s mai tÃ¢nÄƒr, apuc sÄƒ fac mai multe fÄƒrÄƒdelegi ca tine.
Piedone: Hai sÄƒ lÄƒsÄƒm complimentele (â€¦) È™i sÄƒ ne gÃ¢ndim aÈ™a cum trebuie.SusÈ›inem pe cine stabilim noi doi, da?.
Simion:Bine.
Piedone: Nu vreau decÃ¢t sÄƒ discutÄƒm noi doi, da?
Simion: AÈ™a facem!
Piedone: Te iubesc!
Simion: SÄƒ trÄƒiascÄƒ Satana! È˜i eu, seniorule, te pup.
Piedone: Te iubesc, pa!â€

""Cei doi discutÄƒ, probabil, despre avocatul Daniel IonaÈ™cu, candidat PSD la Suceava. El a fost impus pe listele PSD de Dan Voiculescu, Ã®ntrucÃ¢t IonaÈ™cu a fost preÈ™edinte al Consiliului NaÈ›ional al PUSL. Ãn ianuarie 2024, IonaÈ™cu l-a criticat dur pe George Simion: â€PÃ¢nÄƒ unde pot sÄƒ meargÄƒ ipocrizia, minciuna È™i populismul unora?George Simion minte cu neruÈ™inare È™i obrÄƒznicie, spunÃ¢nd cÄƒ se negociazÄƒ Ã®n secret intrarea Ã®n rÄƒzboi a RomÃ¢niei.
O afirmaÈ›ie iresponsabilÄƒ È™i disperatÄƒ a unui politician care simte cum Ã®i fuge pÄƒmÃ¢ntul de sub picioare, dupÄƒ ce a fost huiduit È™i fugÄƒrit din stradÄƒ de protestatri, chiar de cÄƒtre oamenii a cÄƒror interese pretinde cÄƒ le apÄƒrÄƒâ€."", mai noteazÄƒ publicaÈ›ia Defapt.Ro

Mai jos linkul unde se poate asculta È™i Ã®nregistrarea convorbirii dintre cei doi ğŸ‘‡ğŸ‘‡ğŸ‘‡
https://defapt.ro/piedone-simion-alinta-satana-satanel/?fbclid=IwY2xjawGpr0FleHRuA2FlbQIxMQABHZiBJzCFQupu-j6tch-7MioykGa2CIIe0cvT3NljId8OHszNlIz_fWE-og_aem_cbu1Gr1ZOSTsiCrLwA6lJw&sfnsn=wa",,,,"lower_bound: 3000, upper_bound: 3999","lower_bound: 0, upper_bound: 99",RON,"{""age"":""18-24"",""gender"":""female"",""percentage"":0.012389},{""age"":""18-24"",""gender"":""male"",""percentage"":0.116531},{""age"":""18-24"",""gender"":""unknown"",""percentage"":0.000774},{""age"":""25-34"",""gender"":""female"",""percentage"":0.020132},{""age"":""25-34"",""gender"":""male"",""percentage"":0.236934},{""age"":""25-34"",""gender"":""unknown"",""percentage"":0.000774},{""age"":""35-44"",""gender"":""female"",""percentage"":0.018196},{""age"":""35-44"",""gender"":""male"",""percentage"":0.162989},{""age"":""35-44"",""gender"":""unknown"",""percentage"":0.000774},{""age"":""45-54"",""gender"":""female"",""percentage"":0.017809},{""age"":""45-54"",""gender"":""male"",""percentage"":0.146729},{""age"":""55-64"",""gender"":""female"",""percentage"":0.042199},{""age"":""55-64"",""gender"":""male"",""percentage"":0.096012},{""age"":""65+"",""gender"":""female"",""percentage"":0.070848},{""age"":""65+"",""gender"":""male"",""percentage"":0.056911}","{""region"":""Boto\u0219ani County"",""percentage"":0.324095},{""region"":""Briceni District"",""percentage"":0.000385},{""region"":""Chernivtsi Oblast"",""percentage"":0.00154},{""region"":""Ia\u0219i County"",""percentage"":0.2194},{""region"":""Neam\u021b County"",""percentage"":0.017321},{""region"":""R\u00ee\u0219cani District"",""percentage"":0.000385},{""region"":""Suceava County"",""percentage"":0.436875}","facebook,instagram","lower_bound: 100001, upper_bound: 500000",ro
959848279534435,486376824555629,"Iulian-Daniel Lupu",2024-11-15,2024-11-15,,"UNIWORLD - MEDIA SRL","MulÈ›umim romÃ¢nilor care ne susÈ›in! VotaÈ›i AUR pentru o RomÃ¢nie puternicÄƒ È™i pe George Simion preÈ™edinte. ÃmpreunÄƒ, putem construi viitorul pe care Ã®l meritÄƒm!

#VoteazÄƒAUR #TradiÈ›iiRomÃ¢neÈ™ti #IdentitateNaÈ›ionalÄƒ #RomÃ¢niaAutenticÄƒ #UniÈ›iPentruRomÃ¢nia",,,,"lower_bound: 40000, upper_bound: 44999","lower_bound: 200, upper_bound: 299",RON,"{""age"":""18-24"",""gender"":""female"",""percentage"":0.00217},{""age"":""45-54"",""gender"":""male"",""percentage"":0.21414},{""age"":""65+"",""gender"":""male"",""percentage"":0.119886},{""age"":""65+"",""gender"":""female"",""percentage"":0.138761},{""age"":""55-64"",""gender"":""unknown"",""percentage"":0.000403},{""age"":""55-64"",""gender"":""male"",""percentage"":0.221795},{""age"":""55-64"",""gender"":""female"",""percentage"":0.09819},{""age"":""45-54"",""gender"":""unknown"",""percentage"":0.000403},{""age"":""45-54"",""gender"":""female"",""percentage"":0.035395},{""age"":""18-24"",""gender"":""male"",""percentage"":0.008213},{""age"":""35-44"",""gender"":""unknown"",""percentage"":0.000217},{""age"":""35-44"",""gender"":""male"",""percentage"":0.104203},{""age"":""35-44"",""gender"":""female"",""percentage"":0.010042},{""age"":""25-34"",""gender"":""unknown"",""percentage"":0.000217},{""age"":""25-34"",""gender"":""male"",""percentage"":0.038743},{""age"":""25-34"",""gender"":""female"",""percentage"":0.00685},{""age"":""18-24"",""gender"":""unknown"",""percentage"":9.3e-5},{""age"":""65+"",""gender"":""unknown"",""percentage"":0.000279}","{""region"":""Timi\u0219 County"",""percentage"":1}",facebook,"lower_bound: 100001, upper_bound: 500000",ro
555150543924818,296678066869537,"AUR - SÄƒlaÈ™u de Sus",2024-11-12,2024-11-12,,"AUR - SÄƒlaÈ™u de Sus","La SÄƒlaÈ™u de Sus È™i Ã®n CoroieÈ™ti, alÄƒturi de parlamentarii AUR pentru susÈ›inerea lui George Simion - PREÅEDINTE. 
Acum este un moment istoric È™i o oportunitate unicÄƒ pentru comunitatea noastrÄƒ. SÄƒlaÈ™u de Sus meritÄƒ mai mult decÃ¢t atmosfera de teamÄƒ instauratÄƒ de actuala conducere PSD. Nu este normal ca oamenii, la ei acasÄƒ, Ã®n satul lor, sÄƒ trÄƒiascÄƒ Ã®n fricÄƒ pentru ziua de mÃ¢ine sau faÈ›Äƒ de vecini. 
CredinÅ£a ne Ã®ndeamnÄƒ sÄƒ ne iubim aproapele È™i pÄƒmÃ¢ntul, dar la fel de important este sÄƒ punem pe primul loc respectul È™i frica de Dumnezeu, nu frica de nedreptate sau de cei care profitÄƒ de pe urma noastrÄƒ. 
Avem ocazia sÄƒ facem o schimbare adevÄƒratÄƒ, sÄƒ dÄƒm tonul corect pentru viitorul patriei noastre, alegÃ¢nd un lider care ne reprezintÄƒ cu adevÄƒrat.

George Simion ne propune o RomÃ¢nie Ã®n care oamenii trÄƒiesc liberi È™i demni, fÄƒrÄƒ teamÄƒ È™i fÄƒrÄƒ opresiune. Este momentul ca ÅŸi SÄƒlaÈ™u de Sus sÄƒ-È™i spunÄƒ cuvÃ¢ntul, sÄƒ se alÄƒture miÈ™cÄƒrii pentru o RomÃ¢nie a curajului, a valorilor È™i a respectului faÈ›Äƒ de tradiÈ›ii È™i de oameni. 
Este È™ansa noastrÄƒ de a pune capÄƒt unui sistem care a cultivat nesiguranÈ›a. 
Este timpul sÄƒ construim Ã®mpreunÄƒ o È›arÄƒ Ã®n care fiecare romÃ¢n este respectat È™i pus Ã®n valoare.

HaideÈ›i sÄƒ dÄƒm Ã®mpreunÄƒ un vot pentru o RomÃ¢nie mai bunÄƒ, pentru o comunitate unitÄƒ È™i pentru un viitor fÄƒrÄƒ teamÄƒ, sub conducerea unui preÈ™edinte care sÄƒ ne inspire È™i sÄƒ ne apere interesele!

CMF 11240014",,,,"lower_bound: 70000, upper_bound: 79999","lower_bound: 300, upper_bound: 399",RON,"{""age"":""18-24"",""gender"":""female"",""percentage"":0.006054},{""age"":""45-54"",""gender"":""male"",""percentage"":0.133277},{""age"":""65+"",""gender"":""male"",""percentage"":0.11223},{""age"":""65+"",""gender"":""female"",""percentage"":0.197986},{""age"":""55-64"",""gender"":""unknown"",""percentage"":0.00047},{""age"":""55-64"",""gender"":""male"",""percentage"":0.144067},{""age"":""55-64"",""gender"":""female"",""percentage"":0.151658},{""age"":""45-54"",""gender"":""unknown"",""percentage"":0.000502},{""age"":""45-54"",""gender"":""female"",""percentage"":0.07299},{""age"":""18-24"",""gender"":""male"",""percentage"":0.012735},{""age"":""35-44"",""gender"":""unknown"",""percentage"":0.000314},{""age"":""35-44"",""gender"":""male"",""percentage"":0.084941},{""age"":""35-44"",""gender"":""female"",""percentage"":0.028983},{""age"":""25-34"",""gender"":""unknown"",""percentage"":0.00047},{""age"":""25-34"",""gender"":""male"",""percentage"":0.040557},{""age"":""25-34"",""gender"":""female"",""percentage"":0.012296},{""age"":""18-24"",""gender"":""unknown"",""percentage"":0.000125},{""age"":""65+"",""gender"":""unknown"",""percentage"":0.000345}","{""region"":""Alba County"",""percentage"":0.056424},{""region"":""Arad County"",""percentage"":0.001119},{""region"":""Cara\u0219-Severin County"",""percentage"":0.042473},{""region"":""Gorj County"",""percentage"":0.000373},{""region"":""Hunedoara County"",""percentage"":0.87895},{""region"":""Timi\u0219 County"",""percentage"":0.020631},{""region"":""Unknown"",""percentage"":3.1e-5}","facebook,instagram","lower_bound: 100001, upper_bound: 500000",ro
2006851919778923,296678066869537,"AUR - SÄƒlaÈ™u de Sus",2024-11-12,2024-11-12,,"AUR - SÄƒlaÈ™u de Sus","RomÃ¢nii au ocazia sÄƒ o rupÄƒ cu partidele care au Ã®ncÄƒlecat RomÃ¢nia de peste 30 de ani. Alegeriile din acest an sunt ÅŸansa unicÄƒ de a schimba cu adevÄƒrat aceastÄƒ Å£arÄƒ.","De ce e nevoie de George Simion PREÅEDINTE?",hd.cotidianul.ro,"RomÃ¢nii au ocazia sÄƒ o rupÄƒ cu partidele care au Ã®ncÄƒlecat RomÃ¢nia de peste 30 de ani. Alegeriile din acest an sunt ÅŸansa unicÄƒ de a schimba cu adevÄƒrat aceastÄƒ Å£arÄƒ. Ãntr-o lume Ã®nvrÄƒjbitÄƒ ÅŸi fÄƒrÄƒ Dumnezeu, romÃ¢nii pot alege [...]","lower_bound: 25000, upper_bound: 29999","lower_bound: 300, upper_bound: 399",RON,"{""age"":""18-24"",""gender"":""female"",""percentage"":0.00545},{""age"":""45-54"",""gender"":""male"",""percentage"":0.165007},{""age"":""65+"",""gender"":""male"",""percentage"":0.088329},{""age"":""65+"",""gender"":""female"",""percentage"":0.143206},{""age"":""55-64"",""gender"":""unknown"",""percentage"":0.000846},{""age"":""55-64"",""gender"":""male"",""percentage"":0.165852},{""age"":""55-64"",""gender"":""female"",""percentage"":0.150254},{""age"":""45-54"",""gender"":""unknown"",""percentage"":0.000564},{""age"":""45-54"",""gender"":""female"",""percentage"":0.094719},{""age"":""18-24"",""gender"":""male"",""percentage"":0.014377},{""age"":""35-44"",""gender"":""unknown"",""percentage"":0.000376},{""age"":""35-44"",""gender"":""male"",""percentage"":0.08598},{""age"":""35-44"",""gender"":""female"",""percentage"":0.036553},{""age"":""25-34"",""gender"":""unknown"",""percentage"":0.000188},{""age"":""25-34"",""gender"":""male"",""percentage"":0.03458},{""age"":""25-34"",""gender"":""female"",""percentage"":0.013061},{""age"":""18-24"",""gender"":""unknown"",""percentage"":9.4e-5},{""age"":""65+"",""gender"":""unknown"",""percentage"":0.000564}","{""region"":""Alba County"",""percentage"":0.074056},{""region"":""Arad County"",""percentage"":0.002007},{""region"":""Cara\u0219-Severin County"",""percentage"":0.042809},{""region"":""Gorj County"",""percentage"":0.00086},{""region"":""Hunedoara County"",""percentage"":0.849976},{""region"":""Timi\u0219 County"",""percentage"":0.030291}","facebook,instagram","lower_bound: 100001, upper_bound: 500000",ro
